1,Scholastic Inc.
2,Scholastic
3,Nimble Books
4,Gramercy Books
5,Del Rey Books
6,Crown
7,Random House Audio
8,Wings Books
9,Broadway Books
10,William Morrow Paperbacks
11,Ballantine Books
12,Houghton Mifflin Harcourt
13,Pragmatic Bookshelf
14,Atheneum Books for Young Readers: Richard Jackson Books
15,Teacher Created Resources
16,Delacorte Press
17,Cherry Lane Music Company
18,The New Press
19,Changeling Press
20,Viking Juvenile
21,Firebird
22,iUniverse
23,Shambhala
24,Ivy Books
25,Amistad
26,HarperAudio
27,Harper
28,FT Press
29,Archaia
30,Farrar  Straus and Giroux
31,Farrar Straus Giroux
32,Dramatists Play Service
33,Vintage
34,Routledge
35,North Light Books
36,Chosen Books
37,Association for Supervision & Curriculum Development
38,Kingfisher
39,ASCD
40,Sovereign World
41,Workman Publishing Company
42,One Hour Entertainment
43,Ace Books
44,Tor Books
45,Putnam
46,Tor Science Fiction
47,Delacorte Books for Young Readers
48,Thomas Nelson
49,Wiley
50,Heinemann Drama
51,McGraw-Hill
52,O'Reilly Media
53,Citadel
54,Penguin Classics
55,Signet
56,Penguin Books
57,Cliffs Notes
58,Barnes & Noble Classics
59,Dover Publications
60,Barnes & Noble
61,Mira Books
62,Cambridge University Press
63,Buccaneer Books
64,Scribner
65,Clarity Press
66,Rowman & Littlefield Publishers
67,Pearson
68,Harper Perennial
69,EMC/Paradigm Publishing
70,Teaching Resources
71,Turtleback Books
72,Little  Brown Book Group
73,William Morrow
74,Atria Books
75,Vintage Crime/Black Lizard
76,Picador USA
77,Sterling
78,Puffin
79,New Directions Publishing
80,Grove Press
81,New Directions
82,Barnes  Noble Classics
83,Brookline Books
84,Pantheon
85,One World (UK)
86,Interlink Publishing Group
87,Knopf
88,Sterling Children's Books
89,Simon & Schuster
90,Atheneum Books for Young Readers
91,Abdo Publishing Company
92,Black Classic Press
93,French & European
94,Random House Books for Young Readers
95,Zebra
96,Greenwillow Books
97,Booket
98,Del Rey
99,Ace
100,Pocket Books
101,Samuel French  Inc.
102,Princeton University Press
103,W. W. Norton & Company
104,HMH Books for Young Readers
105,Penguin
106,Vintage Contemporaries
107,Penguin Press
108,Harper Perennial Modern Classics
109,Back Bay Books
110,Knopf Publishing Group
111,Vintage International
112,Everyman's Library
113,Sun and Moon Press
114,Sky Books (NY)
115,Picador
116,Henry Holt & Company
117,Actes Sud
118,Penguin Books Ltd. (London)
119,Business Plus
120,Simon  Schuster
121,W. W. Norton  Company
122,Filiquarian Publishing  LLC.
123,Lerner Publications
124,Adventures Unlimited Press
125,Harlequin Blaze
126,Listening Library (Audio)
127,Random House
128,HarperCollins Publishers
129,Large Print Press
130,Peachpit Press
131,Taschen
132,Bantam
133,HarperTorch
134,Walker & Company
135,Haynes Manuals N. America  Inc.
136,Rockport Publishers
137,Signet Classics
138,Oxford University Press
139,Plume
140,Signet Book
141,Dutton
142,NAL
143,For Dummies
144,Random House Trade Paperbacks
145,Lyons Press
146,Alliance Publishing
147,Alfred A. Knopf
148,Bedford Books
149,Oxford University Press  USA
150,Dey Street Books
151,Vintage Espanol
152,Plaza y Janes
153,Vintage Books USA
154,Wisdom Publications
155,Rough Guides
156,Lonely Planet
157,Geoplaneta
158,Mariner Books
159,Avon
160,Payot
161,HarperCollins Perennial
162,Spectra Books
163,Spectra
164,Bantam Books
165,Two Plus Two Publishing LLC
166,Basic Books
167,Ignatius Press
168,HarperOne
169,HarperCollins
170,VIZ Media LLC
171,Borgo Press
172,It Books
173,Random House Large Print Publishing
174,Newmarket Press
175,Oni Press
176,Moody Publishers
177,Umbriel
178,FonoLibro
179,Anchor
180,Pocket
181,Corgi Books
182,Bantam Press
183,Pinnacle
184,Gallery Books
185,Tarcherperigee
186,High Roads Media
187,Firebrand Books
188,Berkley Books
189,Recorded Books  Inc.
190,University of Chicago Press
191,Howard Publishing Co
192,Zondervan
193,Delta
194,HarperCollins Publishers  Inc.
195,Rodale Books
196,High Point Media
197,John Wiley & Sons
198,B Books
199,Red Dress Ink
200,Ryland Peters & Small
201,Clarkson Potter
202,Clarkson Potter Publishers
203,Ediciones B
204,Putnam Publishing Group
205,Mariner Books / Harvest Books
206,Gallimard
207,Anchor Books
208,Lulu.com
209,Jossey-Bass
210,Prentice Hall
211,Little  Brown
212,Harper Paperbacks
213,Prentice Hall Press
214,Crown Publishing Group
215,BradyGames
216,Penguin (Business)
217,Tor Classics
218,Doubleday Books
219,Warner Books
220,Continuum
221,Stackpole Books
222,Prometheus Books
223,St. Augustines Press
224,Hackett Publishing Company  Inc.
225,Cornell University Press
226,W.W. Norton & Company
227,Everyman's Library 234
228,Bolchazy-Carducci Publishers
229,Harvard University Press
230,Atelos Press
231,Harvard Common Press
232,Viking
233,Gramercy
234,Applause Books
235,Nonpareil Books
236,Bryn Mawr Commentaries
237,New York Review of Books
238,Bantam Classics
239,Loeb Classical Library
240,Bloomsbury Methuen Drama
241,Bristol Classical Press
242,University of Pennsylvania Press
243,Kessinger Publishing
244,New American Library
245,Prestwick House - (Literary Touchstone Classic)
246,Signet Books (NY)
247,Focus Publishing/R. Pullins Company
248,Loeb Classical Library/Harvard University Press
249,Harcourt
250,Little Brown and Company
251,Simon Schuster
252,Berrett-Koehler Publishers
253,Anagrama
254,Granta UK
255,Longman Publishing Group
256,Seix Barral
257,New City Press
258,University of California Press
259,Library of Liberal Arts/Bobb-Merrill (Indianapolis  IN)
260,Hackett Publ. Co Inc
261,Ecco Press
262,Santillana USA Publishing Company
263,Harcourt Brace
264,University of Oklahoma Press
265,Wayne State University Press
266,Everyman
267,Tarcher
268,Three Rivers Press (CA)
269,W.W. Norton
270,North Point Press
271,Warner Books (NY)
272,Jove
273,Alfred A. Knopf Books for Young Readers
274,Libraries Unlimited
275,Owl Books (Henry Holt)
276,Pantheon Books (NY)
277,Penguin Books Ltd
278,Villard
279,Modern Library
280,Farrar  Straus and Giroux (NY)
281,Planeta Publishing
282,Mountaineers Books
283,Scholastic Paperbacks
284,Library of America
285,Collector's Library
286,Spark Publishing
287,Egmont Books Ltd
288,Touchstone
289,Arthur A. Levine
290,Bloomsbury Academic
291,Bloomsbury Publishing
292,Digireads.com
293,OUP Oxford
294,Vintage Crime
295,Plume Books
296,BBC Worldwide
297,Viking Books
298,MIT Press
299,Copernicus Books
300,Running Press Book Publishers
301,ReganBooks
302,Batsford
303,Grand Central Life & Style
304,Little  Brown and Company
305,MTV Books
306,G.P. Putnam's Sons
307,Jones Books
308,Simon  Schuster Audio
309,Penguin Books (Penguin Classics)
310,Simon & Schuster Paperbacks
311,Amadeus
312,McGraw-Hill Humanities/Social Sciences/Languages
313,Simple Productions
314,Free Press
315,HJ Kramer
316,Berkley Publishing Group
317,Da Capo Press
318,Fawcett
319,Grand Central Publishing
320,Rutgers University Press
321,Atheneum Books
322,Dell Yearling
323,Three Rivers Press
324,Phoenix Audio
325,Houghton Mifflin Company
326,Penguin Books Australia Ltd.
327,Peter Smith Publisher
328,Two Lions
329,Punto de Lectura
330,Naxos Audiobooks
331,Candlewick Press
332,Penguin Audio
333,Inner City Books
334,University of Illinois Press
335,University Press of Kansas
336,Jove Books
337,Vacation Work Publications
338,Hampton Roads Publishing Company
339,Orion Publishing
340,Crossroad
341,Vintage Classics
342,Alfaguara
343,Castle Books
344,Rupa & Co
345,Alfred A.Knopf
346,Schirmer Mosel
347,Teachers College Press
348,McGraw-Hill Education
349,Hachette Books
350,Westminster John Knox Press
351,Caedmon
352,Prima Lifestyles
353,North Atlantic Books
354,Barrons Educational Series
355,Washington Square Press
356,Houghton Mifflin
357,Simon  Schuster Books for Young Readers
358,Schocken
359,Yale University Press
360,A K PETERS
361,Bloomsbury Publishing PLC
362,Health Communications Inc
363,Owl Publishing Company
364,Thames  Hudson
365,Duke University Press Books
366,Berkley Trade
367,Crown Publishing Group (NY)
368,Cornerstone Press Chicago
369,Dell
370,Shaw Books
371,Simon & Schuster Children's Publishing
372,Shaw
373,Roxford Books
374,Tantor Media
375,HarperTeen
376,Clarion Books
377,Dutton Juvenile
378,Arcade Publishing
379,TSR
380,Doubleday
381,List
382,National Gallery London
383,集英社
384,Shueisha
385,Harlequin Romance
386,Diogenes
387,Not Avail
388,Glénat
389,Yearling
390,Aladdin
391,Ann Arbor Media
392,Council Press
393,The Modern Library
394,David C Cook
395,Children's Classics
396,David R. Godine Publisher
397,Festival
398,Basic Books (AZ)
399,Encounter Books
400,Walker Books Ltd
401,Alcoholics Anonymous World Services Inc
402,AA World Services
403,Overeaters Anonymous  Incorporated
404,Farrar Straus and Giroux
405,University Press of Mississippi
406,Insel  Frankfurt
407,Penguin Press HC  The
408,Scholastic Books
409,The Harvill Press
410,Simon and Schuster
411,Hodder
412,Livre de Poche
413,Loeb Classical Library 307
414,Hackett Publishing Company  Inc. (USA)
415,University Of Chicago Press
416,St. Martin's Griffin
417,Totem Books
418,Dial Press
419,HarperCollins Espanol
420,Rayo
421,Faber  Faber
422,Suhrkamp
423,Hodder Children's Books
424,G.P. Putnam's Sons Books for Young Readers
425,Random House Trade
426,Grove Press  Open City Books
427,New Riders Publishing
428,Cooper Square Press
429,Avon Books
430,Wings
431,William Morrow & Company (NYC)
432,Hyperion
433,Red Fox
434,Doubleday Canada
435,Broadway/Crown Publishing Group
436,Vision
437,Roca Editorial
438,St. Martin's Press
439,Pocket Star Books
440,Scribner Book Company
441,Yearling Books
442,Bethany House Publishers
443,Melville House Publishing
444,Harlequin Superromance
445,Merlin Publishing
446,International Publishers
447,Dell Laurel-Leaf
448,Bantam Starfire
449,Blackstone Audiobooks
450,Seal Books
451,Starfire
452,HighBridge Company
453,Atlantic Monthly Press
454,Grosset & Dunlap
455,Simon & Schuster Audio
456,Multnomah Books
457,Ember
458,Granta
459,Penguin Classics Deluxe Editions
460,Heinemann-Octopus
461,Enitharmon Press
462,Orion Children's Books
463,MacMillan UK
464,Pan
465,Macmillan
466,William Morrow & Company
467,Fourth Estate Paperbacks
468,IVP Academic
469,Love Spell
470,Dark Horse Books
471,Fawcett Books
472,Penguin Books in association with Faber & Faber
473,Gardners Books
474,Ecco
475,Harcourt Brace Jovanovich
476,Severn House Publishers
477,Ellora's Cave
478,Counterpoint
479,Polyface
480,Norton
481,Regnery Publishing
482,Bloomsbury
483,National Geographic Society
484,Vintage/Ebury (A Division of Random House Group)
485,Viking Adult
486,Headline Book Pub Ltd
487,Marvel
488,Heyne
489,Robert Laffont
490,Harper Voyager
491,Minotaur Books
492,Bantam Spectra
493,Dark Horse
494,HarperTorch (an imprint of HarperCollins Publishers)
495,Summit University Press
496,Beacon Press
497,Beacon Press (Boston)
498,Addison-Wesley Professional
499,Plexus Publishing Ltd
500,Simon & Schuster Childrens Books
501,Harper Business
502,Arrow
503,Hci
504,IVP Books
505,DeVorss & Company
506,Random House Large Print
507,Ronin Publishing (CA)
508,Bloomsbury UK
509,McSweeney's
510,Riverhead Books
511,Arcadia Publishing
512,Albin Michel
513,American University in Cairo Press
514,Speak
515,Chaosium
516,HarperCollins Publishers Ltd
517,Alison Green Books
518,Scholastic  Inc.
519,Penguin Books (NY)
520,Longman Schools Division (a Pearson Education Company)
521,PerfectBound (HarperCollins)
522,Random House (NY)
523,Headline Review
524,Trafford Publishing
525,Atlantic
526,Atlantic Books
527,Geddes & Grosset
528,Picador  Macmillan Publishers Ltd
529,Edebé
530,AHA! Process
531,Phoenix
532,Manning Publications
533,Penguin Group
534,Cold Spring Harbor Laboratory Press
535,Rivages
536,Atheneum/Richard Jackson Books
537,Kiepenheuer & Witsch
538,Algonquin Books
539,Scribner Classics
540,Pineapple Press
541,Black Swan
542,University of South Carolina Press
543,Minnesota Historical Society Press
544,Penguin Global
545,Audio Partners
546,Warner Vision
547,St. Martins Press-3PL
548,Tougher Disguises
549,Zeta Bolsillo
550,HarperCollins UK
551,Pelican Publishing
552,Douglas  McIntyre
553,Running Press
554,Time-Life Books  Inc.
555,Walker Books
556,Children's Press(CT)
557,Collection of Historical Scientific Instruments
558,Harper Perennial (NYC)
559,Silhouette Desire
560,Johnson Publishing Company (IL)
561,Viking Children's Books
562,Microsoft Press
563,Galahad Books
564,Vermilion
565,Harvard Business Review Press
566,Green Integer
567,Wildside Press
568,Collectors Library
569,Hovel Audio
570,Material World
571,Philomel Books
572,Child's Play International
573,Paulist Press
574,Chelsea House Publications
575,Dial Press Trade Paperback
576,Berkley
577,Chalice Press
578,Belknap Press of Harvard University Press
579,Wizards of the Coast
580,MacMillan General Books
581,Norma
582,MacMillan Audio
583,Anchor Canada
584,Heinemann Library
585,Barron's Educational Series
586,HarperPerennial / Perennial Classics
587,Harper Perennial Classics
588,The Crossroad Publishing Company
589,Park Street Press
590,Dalkey Archive Press
591,Ivan R. Dee Publisher
592,Delta Publishing
593,Plume (Penguin Books Ltd)
594,Cartwheel
595,De Boekerij
596,Random House: Modern Library
597,Gemstone Publishing
598,Golden Books
599,Running Press Kids
600,Pearson Longman
601,Island
602,Addison Wesley Publishing Company
603,Puffin Books
604,Time Warner Paperbacks
605,Firelight Press
606,Baen Books
607,William Morrow & Company  Inc.
608,Bastei Lübbe
609,Hodder & Stoughton Ltd
610,Delacorte Books
611,1st World Library
612,Touchstone Books
613,University of Georgia Press
614,French & European Publications
615,Omohundro Institute and University of North Carolina Press
616,Jane Nissen Books
617,Everyman Paperback Classics
618,Orbis Books
619,Flamingo
620,University of Washington Press
621,Bradford Book
622,W.W. Norton & Company (NYC)
623,St. Martin's Minotaur
624,Vertigo
625,Contemporary French Fiction
626,Penguin Books  Limited (UK)
627,Titan Books
628,Abraham Guillen Press
629,Apress
630,Palgrave Macmillan
631,DAW Hardcover
632,Disney Press
633,Broadview Press Inc
634,City Lights Publishers
635,Miramax Books
636,Peter Owen Ltd
637,Maxima New Media
638,St. Martin's Paperbacks
639,Little  Brown Books for Young Readers
640,Margaret K. McElderry Books
641,The New York Review Children's Collection
642,皇冠文化出版有限公司
643,Oberlin College Press
644,Random House Children's Books
645,North Star Publications (MA)
646,Simon Publications
647,Chatto & Windus
648,Le Livre de Poche
649,Barbour Books
650,Harvest House Publishers
651,Vision Forum
652,TarcherPerigee
653,Penguin Group(CA)
654,Abacus
655,Steerforth
656,Steerforth Press
657,Rick Steves
658,Harper Trophy
659,City Lights
660,America's Test Kitchen
661,Vintage Books
662,Books on Tape
663,Paul Dry Books
664,Focus
665,Doubleday Publishing (NY)
666,Hay House
667,Penguin Books /Penguin Classics
668,Chronicle Books
669,Regnery History
670,Applewood Books
671,Providence Forum Press
672,Faber & Faber
673,Putnam Adult
674,G. P. Putnam's Sons
675,Smithmark Publishers
676,Steidl
677,HarperSanFrancisco
678,Gibbs Smith
679,Fount
680,Tyndale House Publishers
681,Whitaker House
682,Knopf Books for Young Readers
683,Penguin (Non-Classics)
684,New World Library
685,Cemetery Dance Publications
686,American Diabetes Association
687,Sceptre
688,Nelson Thornes Ltd
689,Anchor Books/Knopf Doubleday Publishing Group
690,Fodor's
691,Harlequin Anthologies
692,Debolsillo
693,French & European Pubns
694,Limitless Corporation
695,Poisoned Pen Press
696,University of Michigan Press
697,Roaring Brook Press
698,Ten Speed Press
699,Berkley Sensation
700,Ave Maria Press
701,Corgi
702,Fourth Estate
703,SparkNotes
704,AudioGO
705,Random House Anchor
706,Pantheon Books
707,Kodansha America
708,Nymphenburger
709,Paul S. Eriksson
710,Phoenix Press (UK)
711,Norton and Co.
712,Sage Publications  Inc
713,Darton  Longman & Todd
714,Faber and Faber
715,Sleeping Bear Press
716,Dark Horse Manga
717,Sinauer Associates
718,Island Press
719,Wiley-Blackwell
720,Rufus Publications
721,Booksales
722,Mythopoeic Press
723,Del Rey/Ballantine Books
724,Ballantine Books (NY)
725,Lantern Books
726,Wiley (TP)
727,Silhouette Romance
728,Mills & Boon
729,Metropolitan Books
730,Quality Paperback Book Club
731,BALLANTINE BOOKS
732,Wilhelm Goldmann Verlag  GmbH
733,Lucent Books
734,Villard Books
735,Lübbe
736,Public Square Books
737,Drawn and Quarterly
738,Jonathan Cape
739,No Exit Press
740,Harmony
741,Conari Press
742,Warner Adult
743,Scholastic Press
744,Penguin Classic
745,Harpperen
746,Modern Library/Random House (NY)
747,Columbia University Press
748,Usborne Books
749,Hodder Audio
750,New York: Random House
751,London : Collins  2004.
752,HarperCollinsChildren’sBooks
753,Lectorum Publications
754,Bloomsbury Paperbacks
755,NYRB Classics
756,Nova Fronteira
757,Andrews McMeel Publishing
758,Penguin Books/Penguin Popular Classics
759,Northwestern University Press
760,Verso
761,Haymarket Books
762,Orion
763,HarperTrophy
764,Minnesota Heritage Publishing
765,Thomas Y. Crowell Company
766,Taylor Productions Ltd
767,Atheneum
768,Orb Books
769,Tor
770,Forge
771,Forge Books
772,F & W Publications Inc.
773,Tor Fantasy
774,Macmillan Audio
775,Price Stern Sloan
776,Egmont Children's Books
777,Random House for Young Readers
778,Random House  for Young Readers
779,Hachette
780,Live Oak Media
781,Griffin
782,Treat Enterprises
783,Pocket Star
784,Tommy Nelson
785,Harper & Row
786,HarperFestival
787,Winter on the Farm (My First Little House)
788,Doubleday Books for Young Readers
789,University of Massachusetts Press
790,Dorling Kindersley Children
791,DK
792,Disney Enterprises
793,DK Children
794,Time Life Medical
795,Eminent Lives
796,Crossway Books
797,Penguin Workshop
798,Michael Joseph
799,Profile Books
800,Robert Rose
801,Counterpoint LLC
802,Edimat Libros
803,Saunders
804,Random House Audio Publishing Group
805,J'ai Lu
806,Klincksieck
807,Random house
808,Harlequin Temptation
809,Virago UK
810,Longman
811,Ebury Press
812,DK Publishing
813,Albert Whitman  Company
814,Mondadori
815,Methuen Drama
816,W.W. Norton  Company
817,Holt Paperbacks
818,Gallimard Jeunesse
819,HarperEntertainment
820,Dark Horse Comics
821,Titan Books Ltd
822,Award Books
823,Holt McDougal
824,Random House Value Publishing
825,Little  Brown Young Readers
826,Albury Publishing
827,FaithWords
828,Thunder's Mouth Press Books
829,Watson-Guptill Publications
830,Deadite Press (Eraserhead Press)
831,Dr. Master Productions Inc.
832,Seven Stories Press
833,Back Bay
834,Little  Brown & Company
835,Roberts Rinehart Publishers
836,Lawbook Exchange  Ltd.
837,East Bay Municipal Utility District
838,Amherst Media  Inc.
839,Piatkus Books
840,Amherst Media
841,Express Publishing
842,Barefoot Books
843,Dial
844,University Press of Florida
845,Starcatcher Press
846,Sudamericana
847,New Island Books
848,Frederick P. Lenz Foundation for American Buddhism
849,Dell Publishing Company
850,Transworld Publishers
851,Indiana University Press
852,Mayfield Publishing Company (NY)
853,Orchard Books
854,Abingdon Press
855,Destiny Image Incorporated
856,William B. Eerdmans Publishing Company
857,Phoenix Press
858,Hyperion Books
859,Starscape
860,Tom Doherty Tor Fantasy
861,Luna
862,Rowohlt Verlag
863,Collins Design
864,Joshua Odell Editions
865,Dragonfly Books
866,iBooks
867,Everyman's Library Classics
868,Harcourt  Inc.(Harvest Book)
869,Theatre Communications Group
870,El Paso Norte Press
871,Aspect
872,Golden/Disney
873,Nostalgia Ventures
874,McClelland and Stewart
875,Dutton Books for Young Readers
876,University of North Carolina Press
877,Lumen
878,British Film Institute
879,Methuen Publishing
880,Cumberland House Publishing
881,Windsor Golden Series
882,Cistercian Publications
883,btb
884,Henry Holt
885,Bloomsbury USA
886,C. Bange
887,Insel
888,Piper Verlag
889,Laurel Leaf Library
890,BBC Audiobooks
891,Pimlico
892,Luath Press Ltd
893,Daw Books
894,Tauris Parke Paperbacks
895,Rowohlt Tb
896,Napoleon and Co
897,Highbridge Audio
898,Izdavačka agencija "Draganić"
899,Trine Day
900,Eerdmans
901,Augsburg Fortress Publishing
902,Crown Forum
903,Allen Lane
904,Stewart  Tabori and Chang
905,Julie Andrews Collection
906,Arbordale Publishing
907,Virgin Publishing
908,Free Spirit Publishing
909,Taunton Press
910,Houghton Mifflin Harcourt P
911,DeBolsillo
912,Rizzoli
913,Orion Publishing Co.
914,Schirmer/Mosel
915,Adams Media
916,Michael O'Mara
917,Brilliance Audio
918,Baronet Books
919,Wordsworth Editions
920,Countryman Press
921,Hard Crime Case
922,Plaza y Janés
923,Renaissance Books
924,New English Library
925,Simon & Schuster Libros en Español
926,LGF
927,Inter Varsity Press
928,Random House  Inc.
929,Sweet Valley
930,Suma de Letras Brasileiras
931,Secker
932,Simon & Schuster (Trade Division)
933,Archie Comics
934,TSR Inc.
935,Canongate U.S.
936,MacMillan Publishing Company
937,Little Bookroom
938,Grove Press (NYC)
939,Fulcrum Publishing
940,Allen & Ulwin
941,Copper Canyon Press
942,Arrow Books
943,Perigee Trade
944,Gold Eagle
945,Games Workshop(uk)
946,Seal
947,Lasser Press
948,Random House Value Publishing/TheViking Press
949,Swallow Press
950,Gibbs Smith Publishers
951,Carroll & Graf Publishers
952,Hodder Wayland
953,Rowohlt Taschenbuch Verlag GmbH
954,Century
955,Fleming H Revell Co
956,Living Books
957,Hill & Wang
958,Schocken Books Inc
959,Hill and Wang
960,Gürze Books
961,Gurze Books
962,Waterbrook Press
963,Fontana
964,Sphere
965,Editions du Rocher
966,Harpercollins Children's Books
967,Aladdin Paperbacks
968,Black Lizard Books
969,New Directions Publishing Corporation
970,Western Publishing Company  Golden Books
971,University of Texas Press
972,Editions 10/18
973,NAL Trade
974,Phébus
975,Bookspan
976,Nelson Reference & Electronic Publishing
977,Here's Life Publishers
978,Nelson Books
979,Th1nk Books
980,Denoël
981,Éditions du Rocher
982,Blanvalet Taschenbuch
983,Penguin Signet
984,Book of the Month Club
985,New English Library (Hodder & Stoughton)
986,NAL Books
987,Columbia Pictures Pubns
988,Plaza & Janes Editores Sa
989,Belknap Press
990,Sutton
991,George Braziller
992,Holt  Rinehart and Winston  Inc.
993,Grove Press  Granta
994,Amistad Press
995,Diogenes Verlag
996,TusQuets
997,Penguin Essential Editions
998,Teacher's Pet Publications  Inc.
999,Timeless Texts
1000,Timber Press (OR)
1001,Random House UK Ltd (A Division of Random House Group)
1002,Tachyon Publications
1003,Roc
1004,Lodestar Books
1005,Gallimard Education
1006,Hamish Hamilton
1007,Night Shade Books
1008,Bantam Spectra (NY)
1009,Pocket Books/Simon & Schuster (NY)
1010,Association for Scottish Literary Studies
1011,Little Brown
1012,Johns Hopkins University Press
1013,William Morrow / Harper
1014,Norma Editorial
1015,Blackwell Publishing  Inc.
1016,Routledge Classics
1017,Harper & Row (NYC et al.)
1018,Éditions de Minuit
1019,Oberon Books
1020,Yesterday's Classics
1021,Marsilio Publishers
1022,Grove/Atlantic  Inc.
1023,Simon Pulse
1024,Owlet Paperbacks
1025,Charles Scribner's Sons
1026,HarperPerennial
1027,Dutton Children's Books
1028,Owl Books
1029,Owl Books (NY)
1030,Booklocker.com  Inc.
1031,Penguin-HighBridge
1032,Aris and Phillips
1033,Transaction Publishers
1034,Mysterious Press
1035,International Polygonics
1036,Kaplan
1037,Dover Publications  Inc.
1038,Stanford University Press (Stanford  CA)
1039,Métailié
1040,Piper
1041,Bloomsbury (NYC)
1042,Random House Vintage Books
1043,Dafina Books
1044,Dell Publishing
1045,Viking Press
1046,Nation Books
1047,Europa Editions
1048,Brava
1049,Alpha
1050,Thomas Nelson Publishers
1051,Houghton Mifflin/Seymour Lawrence
1052,Noonday Press
1053,Siete Cuentos
1054,AK Press
1055,Serpent's Tail
1056,Odonian Press
1057,Metropolitan Books/Henry Holt & Co. (NY)
1058,MIT Press (Cambridge  MA)
1059,Routledge Falmer
1060,Fawcett Crest Books
1061,William Morrow; 1ST edition
1062,Virago
1063,Barnes & Noble Books
1064,IndyPublish.com
1065,Harlequin Historical
1066,Millipede Press
1067,Arrow (A Division of Random House Group)
1068,Walker
1069,Fourth Estate (GB)
1070,Element
1071,Llewellyn Publications
1072,Virago Press (UK)
1073,Carl Hanser
1074,Octopus Books
1075,Bloomsbury Arden Shakespeare
1076,W. W. Norton & Co.
1077,Bantam Classic
1078,Signet Classic
1079,BBC Audiobooks America
1080,Siloam
1081,Quill
1082,Cooper Square Publishers
1083,TIme Warner Books
1084,Headline
1085,Jimmy Patterson
1086,DC Comics
1087,Laurel-Leaf Books
1088,Harry N. Abrams
1089,Citadel Press
1090,Moody Publishers (Chicago)
1091,Phaidon Press
1092,Thames & Hudson Ltd
1093,Eos
1094,Prima Games
1095,Hqn
1096,Bookclub-In-A-Box
1097,Canadian Broadcasting Corporation (CBC Audio)
1098,Penguin Books Canada
1099,Indigo
1100,Harvard University Press (Cambridge)
1101,Prentice Hall/Library of Liberal Arts
1102,Viking; G. P. Putnam & Sons
1103,Fireside Books
1104,Fortress Press
1105,VIZ Media
1106,J'ai lu
1107,Poseidon Press
1108,Dabel Brothers Publishing
1109,Meisha Merlin Publishing
1110,St. Martins Press
1111,New Press
1112,Daimon Verlag
1113,Hakusen Sha
1114,講談社
1115,ComicsOne Corporation
1116,Gallery / Saga Press
1117,Everyman Chess
1118,Russell Enterprises
1119,ADV Manga
1120,TokyoPop
1121,Viz Media
1122,Kids Can Press
1123,EOS
1124,Your Coach Digital
1125,Dabel Brothers Productions
1126,Random House Vintage
1127,BantamSpectra
1128,AvonEos
1129,Orbit
1130,University of Toronto Press
1131,Games Workshop
1132,DAW Books
1133,DAW
1134,Luna Books
1135,Baen
1136,Roc Hardcover
1137,Kodansha International
1138,Rizzoli International Publications
1139,MacAdam/Cage
1140,Harlequin Books
1141,Silhouette Special Edition
1142,Millenium
1143,Imprint Academic
1144,Carlsen
1145,Companhia das Letras
1146,VeloPress
1147,Sounds True
1148,Babel
1149,Digital Manga Publishing
1150,University of Minnesota Press
1151,Library of American Comics
1152,Orion Paperbacks
1153,Salamandra
1154,Amereon Ltd
1155,Harvill Press
1156,Kodansha
1157,Wenner Books
1158,Hodder & Stoughton
1159,Bantam Doubleday Dell Publishing Group
1160,Scholastic Reference
1161,Kent State University Press (OH)
1162,York Press
1163,Turtleback Books Distributed by Demco Media
1164,Focal Press
1165,Cengage Learning
1166,Monkfish Book Publishing
1167,J'AI LU
1168,Dedalus Limited
1169,Kindle
1170,Joanna Cotler Books
1171,Cherry Red Books
1172,Klett
1173,Moyer Bell and its subsidiaries
1174,Soho Crime
1175,Acropolis Books (NY)
1176,AVA Publishing
1177,Inkling Books
1178,時報出版
1179,Houghton Mifflin Co. (Boston/NY)
1180,Tyndale Momentum
1181,Bear  Company
1182,Gollancz
1183,Warners Visions Books
1184,Pan Publishing
1185,Kabel  Verlag GmbH Ernst
1186,Bison Books
1187,Pavilion Press (Wi)
1188,Charnwood
1189,Revive Publishing
1190,Riverhead Hardcover
1191,Bloomsbury Children's Books
1192,Brill/Rodopi
1193,Headline Book Publishing
1194,Marion Boyars Publishers Ltd
1195,Abrams
1196,Random House Mondadori
1197,Salem Press Inc
1198,SaltRiver
1199,Deutscher Taschenbuch Verlag
1200,聯經出版事業股份有限公司
1201,University of Utah Press
1202,St. Martin's True Crime
1203,BBC Audiobooks Ltd
1204,Collins Modern Classics
1205,Roc Trade
1206,London : Faber  2002
1207,Severn House
1208,ACE
1209,Anchor Bible
1210,Earthlight
1211,Archipelago Books
1212,Celestial Arts
1213,Pinter & Martin Ltd
1214,Jones & Bartlett Publishers
1215,Nick Hern Books
1216,Abstract Studio
1217,Bloomsbury U.S.A. Children's Books
1218,University Press of America
1219,Marlowe & Company
1220,University of Calgary Press
1221,Grasset
1222,Westholme Publishing
1223,Bright Sky Press
1224,Topaz
1225,Bloomsbury Childrens Books
1226,MacMillan
1227,Recorded Books
1228,Henry Holt and Co. (BYR)
1229,Pi Press
1230,Regan Books
1231,Plaza & Janés Mexico
1232,Ulysses Press
1233,Emece Editores
1234,Wizarding World Press
1235,Arthur A. Levine Books / Scholastic Inc.
1236,Bloomsbury USA Children's Books
1237,Destino Ediciones
1238,Turtleback
1239,PerfectBound
1240,Authorhouse
1241,Piatkus
1242,Random House UK Distribution
1243,Watkins Publishing
1244,Diana TB
1245,Harper Perennial (HarperCollins)
1246,Tropismos
1247,Laurel
1248,American Girl Publishing Inc
1249,A & C Black (Childrens books)
1250,Inner Traditions
1251,Black Dog & Leventhal Publishers
1252,Dodd Mead; 1st edition (September 1976)
1253,Audiogo
1254,Samuel French Ltd
1255,Deodand
1256,The Overlook Press
1257,Hard Press
1258,Tom Doherty Associates
1259,Baker Books
1260,BCP/Duckworth Publishing
1261,Cardoza
1262,Oregon State University Press
1263,Digital Manga Publishing / Dark Horse
1264,Quarry Press
1265,Sourcebooks
1266,MONDIAL
1267,Crescent
1268,Stanford University Press
1269,Pocket Books: Gallery Books
1270,Miramax
1271,Arcadia Publishing (SC)
1272,Soft Skull Press
1273,Univ Of Minnesota Press
1274,Hachette Littérature
1275,Skinner House Books
1276,Kent State University Press
1277,Cold Spring Press
1278,Leisure Books
1279,Basil Blackwell (Cambridge  MA/Oxford)
1280,Picture Book Studio Ltd
1281,Hachette Jeunesse
1282,Osprey Publishing
1283,Marvel Comics
1284,Marvel Comics Group
1285,Razorbill
1286,Éditions de L'Olivier
1287,Dodo Press
1288,Berkley Publishing
1289,Universe
1290,Souvenir Press
1291,Globe
1292,Morpheus International
1293,Virago Press Ltd
1294,Library of America (NY)
1295,Nan A. Talese
1296,New Millennium Library
1297,Aerie
1298,Ace Book
1299,Ace/SFBC
1300,Square One Publishers
1301,Disney-Hyperion
1302,Taplinger Publ. Company
1303,Star Trek
1304,George Braziller Inc.
1305,Open Heaven Publications
1306,Blackstone Publishing
1307,Critica (Grijalbo Mondadori)
1308,Casa Creacion
1309,Benjamin-Cummings Publishing Company
1310,Berlitz Kids
1311,Honor Books
1312,Northeastern University Press
1313,Capstone Press
1314,Jump At The Sun
1315,New Press  The
1316,National Park Service
1317,Faber & Faber Limited
1318,Psychology Press
1319,Schocken Books
1320,Waking Lion Press
1321,Graphics Press LLC
1322,Graphics Press
1323,Ullstein Buchverlage GmbH & Co. KG / Ullstein Tas
1324,Ullstein Tb
1325,Lippincott Williams & Wilkins
1326,Dover Publications (NY)
1327,Ediciones Glénat España
1328,Lulu Press
1329,Vantage Press
1330,Эксмо
1331,New York University Press
1332,Cosmos Books (OH)
1333,AudioText
1334,Penguin Book Limited
1335,Hesperus Press
1336,Everymans Library
1337,Emecé Editores
1338,Penguin Classics Deluxe Edition
1339,Pelican Publishing Company
1340,Everyman Library / Overlook Press
1341,BiblioLife
1342,Overlook Press
1343,rbooks
1344,Classic Books
1345,Laurel Leaf
1346,Macmillan Publishing Company/Collier Books
1347,Paraglyph Press
1348,Boosey & Hawkes Inc
1349,Reclam  Ditzingen
1350,Konemann
1351,Alfred A. Knopf  Inc.
1352,Cosimo Classics
1353,State University of New York Press
1354,Edwin Mellen Press
1355,Stone Bridge Press
1356,Farrar  Strauss & Giroux-3pl
1357,Multnomah
1358,Harvest Books
1359,Heinemann
1360,Challenge Press  Inc./Challcrest Press
1361,Manesse Verlag
1362,Tanglewood
1363,Disinformation Books
1364,Everyman Paperbacks
1365,Cybereditions Corp
1366,National Geographic
1367,Baton Wicks
1368,Sunburst
1369,Night Shade
1370,HarperPrism
1371,Spectra/Bantam Books (NYC)
1372,Bantam Books (NY)
1373,Penguin Books (NYC)
1374,Fourth Estate Ltd
1375,Jump at the Sun
1376,Hyperio
1377,Pyramid Books
1378,W.W. Norton & Company  Inc. (NY)
1379,Quest Books
1380,The Modern Library New York
1381,Haus Publishing
1382,University Of Minnesota Press
1383,A Harvest Book/Harcourt  Inc.
1384,Paris Press
1385,Beach Lane Books
1386,SCM Press
1387,Overlook TP
1388,MIT Press (MA)
1389,The MIT Press
1390,Polity Press
1391,John Wiley
1392,Pavement Saw Press
1393,Unwin Paperbacks
1394,Pan MacMillan
1395,Orchard
1396,Midnight Ink
1397,Alfred A. Knopf Borzoi Books
1398,Push
1399,Ravensburger Buchverlag
1400,Prentice Hall/Simon & Schuster Company (Englewood Cliffs  NJ)
1401,Peripatetic Press
1402,Bollingen/Princeton University Press (NJ)
1403,Penguin Audio UK
1404,Townsend Press
1405,Lectorum
1406,Annick Press
1407,Plaza & Janes Editores  S.A.
1408,Arts Publications
1409,Hiperión
1410,Viking Books for Young Readers
1411,Purple House Press
1412,Editorial Juventud
1413,The Putnam & Grosset Group
1414,Warne
1415,Amereon Limited
1416,Penguin Books Limited
1417,Phoenix Books/University of Chicago Press (IL)
1418,Hungry Minds
1419,University of Wisconsin Press
1420,W. W. Norton and Company
1421,Weiser Books
1422,MacMillan Children's Books
1423,Thorndike Press
1424,Harlequin
1425,Folio
1426,Rowohlt Tb.
1427,英文漢聲出版股份有限公司
1428,Open Court Publishing Company
1429,Pocket Books / Simon & Schuster  Inc.
1430,Laffont
1431,Time Life Books
1432,Faber and Faber & Penguin India
1433,Penguin Books Ltd.
1434,Motorbooks International
1435,Motorbooks
1436,BBC Physical Audio
1437,Little  Brown & Company (Boston/Toronto)
1438,HarperCollins Leadership
1439,White Wolf Games Studio
1440,FASA Corporation
1441,Silhouette
1442,Circlet Press
1443,Small Beer Press
1444,McDougal Littel
1445,Deseret Book Company
1446,Writer's Digest Books
1447,BBC Books
1448,Big Finish
1449,Carroll & Graf
1450,Plexus Publishing
1451,Subterranean Press
1452,Benziger
1453,Dervy
1454,Simon & Schuster Books for Young Readers
1455,Barn Owl Books
1456,David R. Godine
1457,DK Publishing (Dorling Kindersley)
1458,Graywolf Press
1459,Tin House Magazine
1460,Stenhouse Publishers
1461,Zondervan Publishing House
1462,Voyageur Press
1463,The Berkley Publishing Group
1464,Chu Hartley Publishers LLC
1465,Chartwell Books
1466,T&T Clark Int'l
1467,Volo
1468,Del Rey Ballantine Random House
1469,Ecco / HarperCollins
1470,Chelsea House Publishers
1471,McGraw-Hill Companies
1472,Avalon Travel
1473,Orchard Books (NY)
1474,Collins Reference
1475,Hachette Audio
1476,RH Audio
1477,RH Audio Price-less
1478,Audio Literature
1479,Voyager
1480,Avon Books (AvoNova)
1481,Sunstone Press
1482,Soundings
1483,Nova Audio Books
1484,University Press of Kentucky
1485,Limelight
1486,Harcourt  Brace  Jovanovich
1487,CDS Books
1488,Vanguard Press
1489,dtv
1490,Dutton Books
1491,Huntington House Publishers
1492,Ediciones Urano
1493,Poppy
1494,Advantage World Press
1495,Harlequin Presents
1496,Teacher's Pet Publications
1497,Hyperion Paperbacks
1498,Puzzle-Via Magna
1499,Smart Pop
1500,Marshall Cavendish Editions
1501,Hawthorne Books
1502,Crown Journeys/Crown Publishers/Crown Publishing Group/Random House
1503,Douglas & McIntyre
1504,DC Comics Vertigo
1505,Sticker Design (DC Comics)
1506,Disinformation Company
1507,The Disinformation Company (NYC)
1508,Bradygames
1509,Open Court
1510,Akashic Books/Punk Planet Books
1511,Main Street Books
1512,Monolith Graphics
1513,La factoría de ideas
1514,Del Rey Books (NY)
1515,Bold Strokes Books
1516,Icon Books
1517,Hackett Publishing Company
1518,Impact
1519,Harlequin Special Releases
1520,Naiad Press
1521,Penguin UK
1522,List Taschenbuch
1523,小学館
1524,小学館 [Shōgakukan]
1525,University of Alaska Press
1526,CMX
1527,Blackwell Publishers
1528,Heinle
1529,Fontana Press
1530,Edicións Xerais de Galicia  S.A.
1531,"Tarcher"
1532,Charlesbridge
1533,Sierra Club Books
1534,HarperTempest
1535,Downtown Press
1536,Times Books
1537,History Press Ltd
1538,The Liffey Press
1539,Thomas Dunne Books
1540,Veritas Publishing
1541,Perfection Learning
1542,Little Simon
1543,Pimsleur
1544,Droemer Knaur
1545,Devil's Due Publishing
1546,Avery Publishing Group
1547,Wiley Publishing  Inc.
1548,Benjamin Cummings
1549,Thames & Hudson
1550,Warner
1551,Nicholas Brealey
1552,B&H Publishing Group
1553,Courage Books
1554,Fireside
1555,Academy Chicago Publishers
1556,Birlinn
1557,Grafton
1558,Peerage Books
1559,River City Publishing
1560,Springer
1561,Crystal Clarity Publishers
1562,Macmillan Publ. Co.
1563,Plaza & Janés
1564,Penguin Group (USA)
1565,Círculo de Lectores
1566,Record
1567,Paul Mellon Centre BA
1568,Doubleday & Company  Inc.
1569,Harper Audio
1570,Checkmark Books
1571,Re/Search Publications
1572,Semiotext(e)
1573,Seuil
1574,Points
1575,Morgan Road Books
1576,Urion Press
1577,Tusquets
1578,Crown Business
1579,Fithian Press
1580,Apple Paperbacks (Scholastic)
1581,Gamble Guides
1582,Scholastic Inc
1583,Coronet
1584,Montlake Romance
1585,Black Dog & Leventhal
1586,Dial Books
1587,Candlewick Press (MA)
1588,Candlewick
1589,Simon  Schuster/Paula Wiseman Books
1590,HarperCollinsPublishers
1591,Alderac Entertainment Group (AEG)
1592,Black Sparrow Press
1593,Nonsuch Publishing
1594,Hippo/Scholastic
1595,University of Arkansas Press
1596,Listening Library
1597,Zebra Books
1598,Ballantine
1599,Harpercollins
1600,Larousse Kingfisher Chambers
1601,Neil Wilson Publishing
1602,Adamant Media Corporation
1603,New Page Books
1604,Cleis Press
1605,Schwartz & Wade Books
1606,Gale Cengage
1607,Laurel Leaf Books
1608,Harper Teen
1609,Simon & Schuster Simon Pulse
1610,Young Picador
1611,Square Fish
1612,Firebird Books
1613,Henry Holt and Company
1614,HarperLargePrint
1615,Time Warner Books UK
1616,Ace Trade
1617,Atlantic Books (UK)
1618,Harper Collins
1619,Quinteto
1620,Aurum
1621,Puffin Books (Penguin Books)
1622,Bantam Doubleday Dell Publishing Company Inc.
1623,Perennial
1624,Kyle Books
1625,Watson-Guptill
1626,Ash Tree Publishing
1627,Editions de l'Olivier
1628,Blue Sky Press
1629,Five Star Trade
1630,Creation Books
1631,Onyx
1632,Top Shelf Productions
1633,Marion Boyars Publishers
1634,Taplinger Publishing
1635,Tuttle Publishing
1636,McGraw-Hill/Glencoe
1637,Troll Communications
1638,Wadsworth Publishing Company
1639,New Harbinger Publications
1640,Bertrand
1641,Goldmann
1642,Vida
1643,Y Lolfa
1644,Destiny Books
1645,Healing Arts Press
1646,Regal Books
1647,Newmarket
1648,LSU Press
1649,Routledge Taylor & Francis Books Ltd imprint
1650,Yale University Press (New Haven  CT)
1651,Dominion Press
1652,Kensington
1653,Penguin Books USA Inc.
1654,Bantam Doubleday Dell (NYC)
1655,Catholic Book Publishing
1656,Arlington House
1657,Sophia Institute Press
1658,Image
1659,Christian Classics
1660,University of Notre Dame Press
1661,Yellow Jersey
1662,Patmos
1663,Franklin Watts
1664,Nelson Current
1665,Vertical
1666,Lark Books
1667,Alderac Entertainment Group
1668,Hodder & Stoughton Educational Division
1669,Routledge/Taylor & Francis Ltd.
1670,Sentient Publications
1671,Knopf Doubleday Publishing Group
1672,Blu
1673,Random House (Vintage)
1674,Findakly
1675,Gingko Press
1676,KiWi
1677,10/18
1678,Silhouette Books
1679,Mira
1680,Island Books
1681,Rider
1682,Pharos Books
1683,Motilal Banarsidass
1684,Fleming H. Revell Company
1685,Mira books
1686,Holiday House
1687,Soho Press
1688,Loeb Classical Library 443
1689,Harvest Books/Harcourt
1690,Gallopade International
1691,Carole Marsh Mysteries
1692,Webster's New World
1693,Learning Matters
1694,F. Meiner
1695,Sams
1696,Addison Wesley
1697,The Guilford Press
1698,Pfeiffer & Company
1699,Backinprint.com
1700,Liveright/W.W. Norton & Company  Inc.
1701,Liveright
1702,Liveright Publishing Corp.
1703,Pluto Press
1704,Center Point
1705,Avery
1706,Our Daily Bread Publishing
1707,Prentice Hall PTR
1708,Abradale Books/Harry N. Abrams
1709,角川書店 (Kadokawa Shoten)
1710,Time-Life Books
1711,Hodder and Stoughton
1712,Howard Books
1713,Tokyopop
1714,Worth Publishers
1715,Inner Light - Global Communications
1716,Tin House Books
1717,Peter Owen Publishers
1718,NAL Jam
1719,The Monacelli Press
1720,Grijalbo Mondadori Sa
1721,Harvard University Press (Cambridge  MA)/Wm Heinemann Ltd. (London)
1722,K.G. Saur Verlag
1723,Clarendon Press
1724,Farrar  Straus & Giroux
1725,Kregel Publications
1726,PublicAffairs
1727,Harvest / Harcourt
1728,Keep It Simple Books
1729,Hal Leonard Pub Corp
1730,Chicago Review Press
1731,Puzzle-Roca
1732,Farrar  Straus and Giroux (BYR)
1733,Viking UK
1734,Editions Gallimard
1735,Alianza Editorial
1736,Skylight Paths Publishing
1737,Dartmouth College Press
1738,Churchill Livingstone
1739,Dedalus
1740,Course Technology
1741,Gollehon Books
1742,HarperCollins (SanFrancisco)
1743,Hackett Publishing Company (Indianapolis  IN)
1744,University of Nebraska Press
1745,Storey Publishing  LLC
1746,Princeton University Press (NJ)
1747,Ohio State University Press
1748,Waveland Press
1749,Loyola Press (Chicago)
1750,Penguin Books (London)
1751,Bureau of Public Secrets
1752,Rebel Press
1753,Disney Hyperion Books
1754,Thorndike Press Large Print
1755,Chicken House / Scholastic
1756,The Chicken House
1757,Chicken House
1758,Onyx Books
1759,Stonewall Inn Editions
1760,Heinemann Educational Books
1761,Verba Mundi
1762,Laurel Press
1763,Porrua
1764,Edaf S.A.
1765,ComicsLit
1766,Nantier Beall Minoustchine Publishing
1767,McGraw-Hill Professional Publishing
1768,Del Rey Fantasy
1769,Simon & Schuster Aladddin Paperbacks
1770,Coronet Books (GB)
1771,New Falcon Publications
1772,Backstage Books
1773,Princeton Architectural Press
1774,Chatto and Windus
1775,HarperVoyager
1776,DAW Fantasy
1777,Fischer (Tb.)
1778,DAW Books Inc
1779,Collier Books
1780,Dante University of America Press
1781,Warner Forever
1782,Literatura Random House
1783,Mirrorstone
1784,William Morrow / HarperCollins / Harper Perennial
1785,McGraw-Hill Science/Engineering/Math
1786,Sasquatch Books
1787,Pomegranate Communications
1788,Van Patten Publishing
1789,Vanderbilt University Press
1790,Mel Bay Publications  Inc.
1791,Collins
1792,Greenery Press (CA)
1793,New York Review Children's Collection
1794,The Bodley Head Ltd
1795,TSR Inc./Wizards of the Coast
1796,Sensory Resources
1797,Lama Foundation (San Cristobal  NM)
1798,Sutton Publishing
1799,Ace Hardcover
1800,Grove Press  Black Cat
1801,Gotham
1802,One World/Ballantine
1803,Loose Id  LLC
1804,Dover Publications (NYC)
1805,Eraserhead Press
1806,Panther
1807,Collins Publishers
1808,Four Walls Eight Windows Press
1809,MIRA
1810,New World Publishing
1811,Vintage Books/Vintage Classics
1812,Kregel Academic & Professional
1813,l'ecole des loisirs
1814,Lawrence Hill Books
1815,Orion Publishing Group  Ltd.
1816,Manchester University Press
1817,Arrow Books Ltd
1818,Sidgwick & Jackson Ltd
1819,McFarland & Company
1820,Temenos Press
1821,Octopus Books (London)
1822,Peter Smith Publisher  Inc.
1823,Vince Emery Productions
1824,Broadway
1825,Mongoose Publishing
1826,Image Comics
1827,Beckett Media
1828,Abacus Books (London)
1829,Harpercollins Childrens Books
1830,Salani
1831,Wheeler Publishing
1832,Fantagraphics
1833,Berkley Hardcover
1834,McGraw-Hill Medical Publishing
1835,Blanvalet Taschenbuch Verlag
1836,Be Beautiful
1837,Bantam (Fanfare Imprint)
1838,Grand Central Publishing (Formerly Warner Books)
1839,Bantam (Fanfare)
1840,Gramedia Pustaka Utama
1841,Fanfare
1842,Mira (Mills and Boon)
1843,Blanvalet Verlag GmbH
1844,Loveswept
1845,Cisne
1846,Bedford/St. Martin's
1847,International Publishers (NYC)
1848,Knowledge Products
1849,Allworth
1850,Ivan R. Dee  Publisher
1851,Ivan R. Dee
1852,Shepard Publications
1853,Disney Editions
1854,Praeger
1855,Bloomsbury / Continuum
1856,Intercultural Publishing
1857,YoungJin Singapore Pte. Ltd.
1858,Arkana/Penguin
1859,Arkana
1860,Red Hen Pr
1861,Alfabeta Bokförlag
1862,House of Anansi Press
1863,Servant Publications
1864,Urban Books
1865,WaterBrook
1866,Loyola Classics
1867,Museum of Modern Art
1868,Pocket Books/Star Trek
1869,Vivendi
1870,Cátedra
1871,Grupo Editorial Norma  S.A.
1872,New Press (NY)
1873,Grove Weidenfeld
1874,1st Book Library
1875,Pygmalion Editions
1876,Seal Press
1877,Wyatt Book
1878,Wordsworth Classics
1879,Arsenal Pulp Press
1880,Audio Renaissance
1881,Orion Books
1882,Avenel Books
1883,Distribooks
1884,Shadow Mountain
1885,Little Apple
1886,Artisan
1887,Reclam  Leipzig
1888,Bantam Skylark
1889,McClelland & Stewart
1890,Editorial Diana
1891,Planeta
1892,Reclam
1893,東立
1894,Penguin/Viking Compass (Non-Classics)
1895,Modern Library Classics
1896,Vintage/Ebury
1897,Felony & Mayhem
1898,Book Publishing Company (TN)
1899,Book Publishing Company
1900,Cook's Illustrated
1901,Boston Common Press
1902,Specialty Press
1903,Bantem Press
1904,University of Pittsburgh Press
1905,P & R Publishing
1906,Portable Press
1907,Green Ronin Publishing
1908,Harbor Press
1909,Mestas Ediciones
1910,Piemme
1911,Riverrun Press (New York  NY)
1912,William Heinemann Ltd.
1913,Headline Feature
1914,W.W. Norton & Company (NY/London)
1915,Sun & Moon Press
1916,Condor Books
1917,Ig Publishing
1918,Wesleyan University Press
1919,Plaza & Janés Editores  S.A.
1920,Martínez Roca
1921,Sholom Aleichem Family Publications
1922,Feminist Press
1923,Rowohlt
1924,Arkham House Publishers
1925,Prentice Hall/Scribner/Macmillan
1926,Liguori Publications
1927,Aegypan
1928,Evans Brothers
1929,Fredonia Books (NL)
1930,Helen Marx Books
1931,Shaye Areheart Books
1932,Health Communications
1933,Puffin Group
1934,South End Press
1935,Crossing Press
1936,Billboard Books
1937,John F. Blair  Publisher
1938,Random House Para Ninos
1939,Harcourt  Brace Jovanovich/Harvest
1940,Arden Shakespeare
1941,Arléa
1942,Greenwood
1943,Cambridge University Press/The New Cambridge Shakespeare
1944,Prestwick House
1945,Cedar Books
1946,Dragon Door Publications
1947,Travelers' Tales
1948,Ecco/Harper Perennial
1949,Longmeadow Press
1950,Futura
1951,Kensington Publishing Corporation
1952,Perennial / William Morrow / HarperCollins
1953,Granta Books
1954,Poorhouse Press
1955,Gauntlet Press
1956,IDW Publishing
1957,Cruithne Press
1958,Vintage/Random House (NY)
1959,Grupo Océano
1960,Claassen Verlag
1961,HQN Books
1962,HQN
1963,Goldmann Verlag
1964,Carlton Publishing Group
1965,Ullstein
1966,Serpents Tail
1967,Barrington Stoke
1968,Triple Crown Publications
1969,Project Management Institute
1970,Orion (an Imprint of The Orion Publishing Group Ltd )
1971,Modern Language Association of America
1972,W.W. Norton & Company (NY)
1973,Dutton Adult
1974,Mikaya Press
1975,Inner Traditions International
1976,Readers Digest.
1977,Reader's Digest Association
1978,Readers Digest
1979,Krause Publications
1980,Henry Holt and Co.
1981,The Orion Publishing Group Ltd
1982,Gaia Books
1983,Leete's Island Books
1984,Corgi Childrens
1985,Hartorch
1986,Science Fiction Book Club
1987,L.A. Weekly Books
1988,Wiley Publishing
1989,Viking Penguin Inc.
1990,Praeger Publishers
1991,Potomac Books
1992,Burford Books
1993,Civitas Books
1994,Focus on the Family Publishing
1995,Fontana Books
1996,Brown Son & Ferguson Ltd.
1997,Union Square Press
1998,Orbit Books
1999,Bragelonne
2000,Management Books 2000
2001,Sterling Publishing Co.  Inc.
2002,Fandemonium Books
2003,Thomas Publications (PA)
2004,Pearson Education
2005,Contemporary Books
2006,Scholastic Audio Books
2007,Kaplan Publishing
2008,Modern Publishing
2009,Limelight Editions
2010,Zenith Press
2011,Barricade Books
2012,Self-Realization Fellowship Publishers
2013,Berkley Books (NY)
2014,Lucas Books
2015,World Wrestling Entertainment Books
2016,Four Ninety-Eight Productions
2017,Hal Leonard Publishing Corporation
2018,Omnibus Press
2019,HarperResource
2020,MJF Books
2021,Wasendorf & Associates Inc
2022,Tom Doherty Associates/Orb Books
2023,Deodand Publishing
2024,Titan
2025,Academic Press
2026,Watkins
2027,Vintage/Random House Inc. (NYC)
2028,Aris & Phillips
2029,Harcourt Brace Jovanovich (NY)
2030,FASA Corp.
2031,Penguin Young Readers
2032,Fantasy Flight Games
2033,Harcourt Children's Books
2034,Malhavoc Press
2035,British Academy
2036,Love Inspired
2037,Cavendish Square Publishing
2038,AIT Planet Lar
2039,University Press of New England
2040,Woodrow Wilson Center Press / Johns Hopkins University Press
2041,Crossroad Publishing Company
2042,Pippin Publishing
2043,Hazelden Publishing
2044,Universal Publishers
2045,Libros para ninos
2046,Random House Puzzles & Games
2047,B Fiction
2048,Sumach Press
2049,Chatto  Windus
2050,ガンガンコミックス
2051,Fab Press
2052,Avon HarperCollins
2053,Polygon
2054,Kuperard
2055,Delcourt
2056,Sage Publications Ltd
2057,Berkley Heat
2058,Elloras Cave
2059,Bruno Gmünder
2060,Dtv
2061,Feiwel & Friends
2062,B.E.S. Publishing
2063,Zondervan Publishing Company
2064,Welcome Books
2065,Canongate Books
2066,Pan Macmillan Ltd. (London)
2067,Banner of Truth
2068,Middleway Press
2069,Montena
2070,Hearst Communications
2071,Ash-Tree Press
2072,Macmillan Children's Books
2073,Pan Childrens
2074,Yosemite Conservancy
2075,Barnes  Noble
2076,Piper Taschenbuch
2077,Xulon Press
2078,Scholastic Nonfiction
2079,Portfolio
2080,Walter Foster Publishing
2081,Fawcett Coventry
2082,Fellowship for the Performance
2083,Holloway House
2084,Reaktion Books
2085,House of Stratus
2086,University of Texas Press (Austin/London)
2087,Hodder Mobius
2088,Power Press
2089,LWW
2090,Let's Go Publications
2091,Random House Inc.
2092,Walter de Gruyter
2093,Harcourt Brace & Company
2094,ビブロス
2095,South End Press (Boston)
2096,Weidenfeld & Nicolson
2097,Allyn & Bacon
2098,Vintage Books a division of Random House
2099,Random House Reference Publishing
2100,Parker Publishing Llc
2101,Vertigo (DC Comics)
2102,ECW Press
2103,Editorial RM
2104,Smithsonian Books
2105,Jessica Kingsley Publishers
2106,Academica Press
2107,University of New Mexico Press
2108,Woodbridge Press Publishing Company
2109,Samhain Publishing
2110,Pan Australia
2111,Better Homes and Gardens Books
2112,Feral House
2113,Clarkson Potter/Publishers
2114,Insight International
2115,Yoruba Theological Archministry
2116,Harrison House
2117,National Geographic Children's Books
2118,St. Martin's Paperback
2119,Apple
2120,Rux Martin/Houghton Mifflin Harcourt
2121,Berkley Prime Crime Books
2122,Berkley Prime Crime
2123,Universe Publishing(NY)
2124,Leisure
2125,Gun Digest Books
2126,Eros Comix
2127,Texas A&M University Press
2128,Polychrome Publishing Corporation
2129,Golden Gryphon Press
2130,Saddleback Educational Publishing  Inc.
2131,Vendome Press
2132,Éditions 10/18
2133,San Val
2134,MetroBooks (NY)
2135,Legend
2136,Doherty  Tom Associates  LLC
2137,Harcourt Brace & company
2138,Running Press Adult
2139,Orion Publishing Group
2140,Alpha Books
2141,New Tradition Books
2142,Howard University Press
2143,Faber & Faber Ltd.
2144,Redleaf Press
2145,Aivia Press
2146,British Library
2147,Underwood/Miller  Berkley
2148,Paperback Library
2149,CRC Press
2150,Broadway Business
2151,Meredith Corporation
2152,Westview Press
2153,Dundurn
2154,Wipf & Stock Publishers
2155,BenBella Books
2156,DAW Books (NY)
2157,DAW SF
2158,Crown Publishers
2159,Dramatists Play Service  Inc.
2160,Orion Publishing Co
2161,Voice
2162,Southern Methodist University Press
2163,Trafalgar Square Publishing
2164,Council Oak Books
2165,New York : Penguin Books
2166,Michael Joseph Ltd./Penguin Books Ltd.
2167,Julia MacRae
2168,Simon & Schuster Adult Publishing Group
2169,Exact Change
2170,Raintree
2171,Beltz und Gelberg
2172,Versus Press
2173,See Sharp Press
2174,Northwestern Univ Press
2175,CQ Press
2176,Fawcett crest
2177,Avon Books (P)
2178,Arthur A. Levine Books
2179,Michael O'Mara Books
2180,Dhv der Hörverlag
2181,Yapı Kredi Yayınları
2182,Possibilities
2183,Pogue Press
2184,Applause Theatre & Cinema Book Publishers
2185,Twayne Publishers
2186,Oddysey/Harcourt Young Classics
2187,Sagebrush
2188,Lions
2189,Simon & Schuster; Media Tie-In edition
2190,P. F. Collier and Sons
2191,Victor Gollancz
2192,Twin Palms Publishers
2193,University of Arizona Press
2194,Harlequin American Romance
2195,Presidio Press
2196,US Naval Institute Press
2197,Hyperion Books for Children
2198,The Audio Partners
2199,Replica Books
2200,Atlantic Monthly Press (NYC)
2201,Pen & Sword Military
2202,Bantam Books  Inc.
2203,Fischer Taschenbuch Verlag
2204,Secker and Warburg
2205,Omnibus Hc Bei Bertelsmann
2206,Fischer TB
2207,Greenwood Press
2208,Xlibris Corporation
2209,David C. Cook
2210,W Publishing Group
2211,Rba Libros
2212,Fawcett Crest
2213,Hachette Children's
2214,Morrow
2215,Sarah Crichton Books
2216,Alan Rodgers Books
2217,HarperPaperbacks
2218,First Avenue Editions (Tm)
2219,Harper Design
2220,Penguin Putnam
2221,Transworld Publishers Ltd
2222,That Patchwork Place
2223,Sidran Press
2224,Harlequin Readers' Choice
2225,Grand Central
2226,Atlas Books/HarperCollins Publishers
2227,Lone Oak Press
2228,Hill & Wang Publ. (NY)
2229,Hamish hamilton
2230,Melodrama Publishing
2231,Bloomsbury USA Childrens
2232,Fantagraphics Books
2233,Diamond/Charter
2234,Silhouette Bombshell
2235,Coffee House Press
2236,Wildstorm
2237,TEA
2238,Byblos
2239,Andrews and McMeel
2240,Harper Element
2241,Middlesex University Press
2242,Tinder Press
2243,Bulfinch
2244,Other Press (NY)
2245,Pan Books
2246,US Green Building Council
2247,Presses de La Cite
2248,Hub City Press
2249,Acento Editorial
2250,Abacus Books
2251,Do-Not Press
2252,Modern Library (NY)
2253,Rosenberg Publishing
2254,Joanna Cotler Books/HarperCollinsPublishers
2255,InterVarsity Press
2256,Birlinn Ltd
2257,Festival Books
2258,Puffin Audiobooks
2259,Alyson Books
2260,Hamish Hamilton Ltd
2261,Robson Books  London
2262,Absolute Press
2263,Grijalbo
2264,Corgi Books (Adult)
2265,AMR/Advanced Management Reports
2266,Hartley & Marks Publishers
2267,Delmar Thomson Learning
2268,Mark Cahill Ministries
2269,Larousse
2270,St. Martin's
2271,International Code Council
2272,Blood Moon Productions
2273,Shambhala Publications
2274,School Specialty Publishing
2275,No Starch Press
2276,Aurum Press
2277,Five Star (ME)
2278,RP Minis
2279,Godsfield Press Ltd
2280,Between the Lines Productions
2281,Cartago
2282,William Heinemann
2283,Prestel Publishing
2284,Pegasus Books
2285,Inter-Varsity Press
2286,Twenty-First Century Books (CT)
2287,O'Brien Press
2288,DEBOLS!LLO
2289,Folio histoire
2290,Alfaguara Infantil
2291,Suma
2292,Panamericana Editorial
2293,Editorial Presença
